"consensus_lin","EdgeBetweenness","eweight","interaction","name","selected","shared interaction","shared name"
"Streptococcus_acidominimus","0.0","0.0","interacts with","Streptococcus_acidominimus (interacts with) Streptococcus_acidominimus","false","interacts with","Streptococcus_acidominimus (interacts with) Streptococcus_acidominimus"
"Staphylococcus_vitulinus","0.0","0.0","interacts with","Staphylococcus_vitulinus (interacts with) Staphylococcus_vitulinus","false","interacts with","Staphylococcus_vitulinus (interacts with) Staphylococcus_vitulinus"
"Staphylococcus_sciuri","0.0","0.0","interacts with","Staphylococcus_sciuri (interacts with) Staphylococcus_sciuri","false","interacts with","Staphylococcus_sciuri (interacts with) Staphylococcus_sciuri"
"Ruthenibacterium_lactatiformans","0.0","0.0","interacts with","Ruthenibacterium_lactatiformans (interacts with) Ruthenibacterium_lactatiformans","false","interacts with","Ruthenibacterium_lactatiformans (interacts with) Ruthenibacterium_lactatiformans"
"Romboutsia_ilealis","0.0","0.0","interacts with","Romboutsia_ilealis (interacts with) Romboutsia_ilealis","false","interacts with","Romboutsia_ilealis (interacts with) Romboutsia_ilealis"
"Proteus_mirabilis","0.0","0.0","interacts with","Proteus_mirabilis (interacts with) Proteus_mirabilis","false","interacts with","Proteus_mirabilis (interacts with) Proteus_mirabilis"
"Proteus_hauseri","0.0","0.0","interacts with","Proteus_hauseri (interacts with) Proteus_hauseri","false","interacts with","Proteus_hauseri (interacts with) Proteus_hauseri"
"Prevotella_sp_MGM2","0.0","0.0","interacts with","Prevotella_sp_MGM2 (interacts with) Prevotella_sp_MGM2","false","interacts with","Prevotella_sp_MGM2 (interacts with) Prevotella_sp_MGM2"
"Parabacteroides_merdae","0.0","0.0","interacts with","Parabacteroides_merdae (interacts with) Parabacteroides_merdae","false","interacts with","Parabacteroides_merdae (interacts with) Parabacteroides_merdae"
"Lactobacillus_murinus","0.0","0.0","interacts with","Lactobacillus_murinus (interacts with) Lactobacillus_murinus","false","interacts with","Lactobacillus_murinus (interacts with) Lactobacillus_murinus"
"Lactobacillus_johnsonii","0.0","0.0","interacts with","Lactobacillus_johnsonii (interacts with) Lactobacillus_johnsonii","false","interacts with","Lactobacillus_johnsonii (interacts with) Lactobacillus_johnsonii"
"Lactobacillus_intestinalis","0.0","0.0","interacts with","Lactobacillus_intestinalis (interacts with) Lactobacillus_intestinalis","false","interacts with","Lactobacillus_intestinalis (interacts with) Lactobacillus_intestinalis"
"Lachnospiraceae_bacterium_COE1","0.0","0.0","interacts with","Lachnospiraceae_bacterium_COE1 (interacts with) Lachnospiraceae_bacterium_COE1","false","interacts with","Lachnospiraceae_bacterium_COE1 (interacts with) Lachnospiraceae_bacterium_COE1"
"Lachnospiraceae_bacterium_A4","0.0","0.0","interacts with","Lachnospiraceae_bacterium_A4 (interacts with) Lachnospiraceae_bacterium_A4","false","interacts with","Lachnospiraceae_bacterium_A4 (interacts with) Lachnospiraceae_bacterium_A4"
"Lachnospiraceae_bacterium_A2","0.0","0.0","interacts with","Lachnospiraceae_bacterium_A2 (interacts with) Lachnospiraceae_bacterium_A2","false","interacts with","Lachnospiraceae_bacterium_A2 (interacts with) Lachnospiraceae_bacterium_A2"
"Lachnospiraceae_bacterium_3_1","0.0","0.0","interacts with","Lachnospiraceae_bacterium_3_1 (interacts with) Lachnospiraceae_bacterium_3_1","false","interacts with","Lachnospiraceae_bacterium_3_1 (interacts with) Lachnospiraceae_bacterium_3_1"
"Ileibacterium_valens","0.0","0.0","interacts with","Ileibacterium_valens (interacts with) Ileibacterium_valens","false","interacts with","Ileibacterium_valens (interacts with) Ileibacterium_valens"
"Helicobacter_magdeburgensis","0.0","0.0","interacts with","Helicobacter_magdeburgensis (interacts with) Helicobacter_magdeburgensis","false","interacts with","Helicobacter_magdeburgensis (interacts with) Helicobacter_magdeburgensis"
"Firmicutes_bacterium_ASF500","0.0","0.0","interacts with","Firmicutes_bacterium_ASF500 (interacts with) Firmicutes_bacterium_ASF500","false","interacts with","Firmicutes_bacterium_ASF500 (interacts with) Firmicutes_bacterium_ASF500"
"Eubacterium_rectale","0.0","0.0","interacts with","Eubacterium_rectale (interacts with) Eubacterium_rectale","false","interacts with","Eubacterium_rectale (interacts with) Eubacterium_rectale"
"Eubacterium_plexicaudatum","0.0","0.0","interacts with","Eubacterium_plexicaudatum (interacts with) Eubacterium_plexicaudatum","false","interacts with","Eubacterium_plexicaudatum (interacts with) Eubacterium_plexicaudatum"
"Escherichia_coli","0.0","0.0","interacts with","Escherichia_coli (interacts with) Escherichia_coli","false","interacts with","Escherichia_coli (interacts with) Escherichia_coli"
"Enterococcus_hirae","0.0","0.0","interacts with","Enterococcus_hirae (interacts with) Enterococcus_hirae","false","interacts with","Enterococcus_hirae (interacts with) Enterococcus_hirae"
"Enterococcus_faecalis","0.0","0.0","interacts with","Enterococcus_faecalis (interacts with) Enterococcus_faecalis","false","interacts with","Enterococcus_faecalis (interacts with) Enterococcus_faecalis"
"Enterobacter_cloacae_complex","0.0","0.0","interacts with","Enterobacter_cloacae_complex (interacts with) Enterobacter_cloacae_complex","false","interacts with","Enterobacter_cloacae_complex (interacts with) Enterobacter_cloacae_complex"
"Corynebacterium_mastitidis","0.0","0.0","interacts with","Corynebacterium_mastitidis (interacts with) Corynebacterium_mastitidis","false","interacts with","Corynebacterium_mastitidis (interacts with) Corynebacterium_mastitidis"
"Clostridium_innocuum","0.0","0.0","interacts with","Clostridium_innocuum (interacts with) Clostridium_innocuum","false","interacts with","Clostridium_innocuum (interacts with) Clostridium_innocuum"
"Bifidobacterium_pseudolongum","0.0","0.0","interacts with","Bifidobacterium_pseudolongum (interacts with) Bifidobacterium_pseudolongum","false","interacts with","Bifidobacterium_pseudolongum (interacts with) Bifidobacterium_pseudolongum"
"Bacteroides_xylanisolvens","0.0","0.0","interacts with","Bacteroides_xylanisolvens (interacts with) Bacteroides_xylanisolvens","false","interacts with","Bacteroides_xylanisolvens (interacts with) Bacteroides_xylanisolvens"
"Bacteroides_ovatus","0.0","0.0","interacts with","Bacteroides_ovatus (interacts with) Bacteroides_ovatus","false","interacts with","Bacteroides_ovatus (interacts with) Bacteroides_ovatus"
"Bacteroides_intestinalis","0.0","0.0","interacts with","Bacteroides_intestinalis (interacts with) Bacteroides_intestinalis","false","interacts with","Bacteroides_intestinalis (interacts with) Bacteroides_intestinalis"
"Bacteroides_dorei","0.0","0.0","interacts with","Bacteroides_dorei (interacts with) Bacteroides_dorei","false","interacts with","Bacteroides_dorei (interacts with) Bacteroides_dorei"
"Acutalibacter_muris","0.0","0.0","interacts with","Acutalibacter_muris (interacts with) Acutalibacter_muris","false","interacts with","Acutalibacter_muris (interacts with) Acutalibacter_muris"
"Actinomyces_urogenitalis","0.0","0.0","interacts with","Actinomyces_urogenitalis (interacts with) Actinomyces_urogenitalis","false","interacts with","Actinomyces_urogenitalis (interacts with) Actinomyces_urogenitalis"
"Acinetobacter_baumannii","0.0","0.0","interacts with","Acinetobacter_baumannii (interacts with) Acinetobacter_baumannii","false","interacts with","Acinetobacter_baumannii (interacts with) Acinetobacter_baumannii"
"Acetatifactor_muris","0.0","0.0","interacts with","Acetatifactor_muris (interacts with) Acetatifactor_muris","false","interacts with","Acetatifactor_muris (interacts with) Acetatifactor_muris"
"Aerococcaceae_bacterium","8.0","0.6695953","interacts with","Aerococcaceae_bacterium (interacts with) Staphylococcus_nepalensis","false","interacts with","Aerococcaceae_bacterium (interacts with) Staphylococcus_nepalensis"
"Aerococcaceae_bacterium","8.0","0.719194952","interacts with","Aerococcaceae_bacterium (interacts with) Staphylococcus_lentus","false","interacts with","Aerococcaceae_bacterium (interacts with) Staphylococcus_lentus"
"Lachnospiraceae_bacterium_10_1","3.3333333333333335","0.719194952","interacts with","Lachnospiraceae_bacterium_10_1 (interacts with) Staphylococcus_xylosus","false","interacts with","Lachnospiraceae_bacterium_10_1 (interacts with) Staphylococcus_xylosus"
"Lachnospiraceae_bacterium_10_1","6.333333333333332","0.719194952","interacts with","Lachnospiraceae_bacterium_10_1 (interacts with) Staphylococcus_nepalensis","false","interacts with","Lachnospiraceae_bacterium_10_1 (interacts with) Staphylococcus_nepalensis"
"Lachnospiraceae_bacterium_10_1","6.333333333333332","0.6695953","interacts with","Lachnospiraceae_bacterium_10_1 (interacts with) Staphylococcus_lentus","false","interacts with","Lachnospiraceae_bacterium_10_1 (interacts with) Staphylococcus_lentus"
"Enterococcus_gallinarum","3.333333333333333","0.719194952","interacts with","Enterococcus_gallinarum (interacts with) Staphylococcus_xylosus","false","interacts with","Enterococcus_gallinarum (interacts with) Staphylococcus_xylosus"
"Enterococcus_gallinarum","6.333333333333333","0.719194952","interacts with","Enterococcus_gallinarum (interacts with) Staphylococcus_nepalensis","false","interacts with","Enterococcus_gallinarum (interacts with) Staphylococcus_nepalensis"
"Enterococcus_gallinarum","6.333333333333333","0.6695953","interacts with","Enterococcus_gallinarum (interacts with) Staphylococcus_lentus","false","interacts with","Enterococcus_gallinarum (interacts with) Staphylococcus_lentus"
"Staphylococcus_xylosus","5.0","0.5","interacts with","Staphylococcus_xylosus (interacts with) Staphylococcus_nepalensis","false","interacts with","Staphylococcus_xylosus (interacts with) Staphylococcus_nepalensis"
"Staphylococcus_xylosus","5.0","0.46313912","interacts with","Staphylococcus_xylosus (interacts with) Staphylococcus_lentus","false","interacts with","Staphylococcus_xylosus (interacts with) Staphylococcus_lentus"
"Staphylococcus_xylosus","3.3333333333333335","0.719194952","interacts with","Staphylococcus_xylosus (interacts with) Staphylococcus_aureus","false","interacts with","Staphylococcus_xylosus (interacts with) Staphylococcus_aureus"
"Oscillibacter_sp_1_3","43.56868686868687","0.47911528","interacts with","Oscillibacter_sp_1_3 (interacts with) Lachnospiraceae_bacterium_28_4","false","interacts with","Oscillibacter_sp_1_3 (interacts with) Lachnospiraceae_bacterium_28_4"
"Staphylococcus_lentus","6.333333333333333","0.6695953","interacts with","Staphylococcus_lentus (interacts with) Staphylococcus_aureus","false","interacts with","Staphylococcus_lentus (interacts with) Staphylococcus_aureus"
"Staphylococcus_lentus","8.0","0.719194952","interacts with","Staphylococcus_lentus (interacts with) Jeotgalicoccus_halotolerans","false","interacts with","Staphylococcus_lentus (interacts with) Jeotgalicoccus_halotolerans"
"Staphylococcus_lentus","8.0","0.719194952","interacts with","Staphylococcus_lentus (interacts with) Corynebacterium_stationis","false","interacts with","Staphylococcus_lentus (interacts with) Corynebacterium_stationis"
"Staphylococcus_nepalensis","2.0","0.997621879","interacts with","Staphylococcus_nepalensis (interacts with) Staphylococcus_lentus","false","interacts with","Staphylococcus_nepalensis (interacts with) Staphylococcus_lentus"
"Staphylococcus_nepalensis","6.333333333333333","0.719194952","interacts with","Staphylococcus_nepalensis (interacts with) Staphylococcus_aureus","false","interacts with","Staphylococcus_nepalensis (interacts with) Staphylococcus_aureus"
"Staphylococcus_nepalensis","8.0","0.6695953","interacts with","Staphylococcus_nepalensis (interacts with) Jeotgalicoccus_halotolerans","false","interacts with","Staphylococcus_nepalensis (interacts with) Jeotgalicoccus_halotolerans"
"Staphylococcus_nepalensis","8.0","0.6695953","interacts with","Staphylococcus_nepalensis (interacts with) Corynebacterium_stationis","false","interacts with","Staphylococcus_nepalensis (interacts with) Corynebacterium_stationis"
"Faecalibaculum_rodentium","90.0","-0.41557414","interacts with","Faecalibaculum_rodentium (interacts with) Clostridium_symbiosum","false","interacts with","Faecalibaculum_rodentium (interacts with) Clostridium_symbiosum"
"Clostridium_sp_ASF502","36.05770308123249","0.444638374","interacts with","Clostridium_sp_ASF502 (interacts with) Clostridium_sp_ASF356","false","interacts with","Clostridium_sp_ASF502 (interacts with) Clostridium_sp_ASF356"
"Clostridium_sp_ASF356","90.0","0.443681415","interacts with","Clostridium_sp_ASF356 (interacts with) Muribaculaceae_bacterium_DSM_103720","false","interacts with","Clostridium_sp_ASF356 (interacts with) Muribaculaceae_bacterium_DSM_103720"
"Butyricimonas_virosa","32.84549698667346","0.493359435","interacts with","Butyricimonas_virosa (interacts with) Enterorhabdus_caecimuris","false","interacts with","Butyricimonas_virosa (interacts with) Enterorhabdus_caecimuris"
"Parasutterella_excrementihominis","64.21389525507173","0.565294772","interacts with","Parasutterella_excrementihominis (interacts with) Parabacteroides_goldsteinii","false","interacts with","Parasutterella_excrementihominis (interacts with) Parabacteroides_goldsteinii"
"Parasutterella_excrementihominis","87.50303030303029","0.486985539","interacts with","Parasutterella_excrementihominis (interacts with) Faecalibaculum_rodentium","false","interacts with","Parasutterella_excrementihominis (interacts with) Faecalibaculum_rodentium"
"Parasutterella_excrementihominis","76.96667939903236","-0.448312087","interacts with","Parasutterella_excrementihominis (interacts with) Dorea_sp_5_2","false","interacts with","Parasutterella_excrementihominis (interacts with) Dorea_sp_5_2"
"Parasutterella_excrementihominis","72.14105975723625","-0.420689655","interacts with","Parasutterella_excrementihominis (interacts with) Bifidobacterium_animalis","false","interacts with","Parasutterella_excrementihominis (interacts with) Bifidobacterium_animalis"
"Mucispirillum_schaedleri","38.403361344537814","-0.426966295","interacts with","Mucispirillum_schaedleri (interacts with) Bifidobacterium_animalis","false","interacts with","Mucispirillum_schaedleri (interacts with) Bifidobacterium_animalis"
"Helicobacter_hepaticus","60.01323953823954","0.421579533","interacts with","Helicobacter_hepaticus (interacts with) Parasutterella_excrementihominis","false","interacts with","Helicobacter_hepaticus (interacts with) Parasutterella_excrementihominis"
"Helicobacter_hepaticus","13.833333333333332","0.553787966","interacts with","Helicobacter_hepaticus (interacts with) Mucispirillum_schaedleri","false","interacts with","Helicobacter_hepaticus (interacts with) Mucispirillum_schaedleri"
"Helicobacter_hepaticus","90.0","0.430478309","interacts with","Helicobacter_hepaticus (interacts with) Helicobacter_ganmani","false","interacts with","Helicobacter_hepaticus (interacts with) Helicobacter_ganmani"
"Helicobacter_hepaticus","48.08015873015873","0.676974416","interacts with","Helicobacter_hepaticus (interacts with) Helicobacter_apodemus","false","interacts with","Helicobacter_hepaticus (interacts with) Helicobacter_apodemus"
"Helicobacter_hepaticus","112.34755326372974","0.418953104","interacts with","Helicobacter_hepaticus (interacts with) Desulfovibrionaceae_bacterium","false","interacts with","Helicobacter_hepaticus (interacts with) Desulfovibrionaceae_bacterium"
"Helicobacter_hepaticus","59.608123249299744","-0.525250278","interacts with","Helicobacter_hepaticus (interacts with) Bifidobacterium_animalis","false","interacts with","Helicobacter_hepaticus (interacts with) Bifidobacterium_animalis"
"Helicobacter_typhlonius","29.412301587301585","0.484315907","interacts with","Helicobacter_typhlonius (interacts with) Parabacteroides_distasonis","false","interacts with","Helicobacter_typhlonius (interacts with) Parabacteroides_distasonis"
"Helicobacter_typhlonius","20.176587301587297","0.497496944","interacts with","Helicobacter_typhlonius (interacts with) Muribaculum_intestinale","false","interacts with","Helicobacter_typhlonius (interacts with) Muribaculum_intestinale"
"Helicobacter_typhlonius","14.32738095238095","0.766047396","interacts with","Helicobacter_typhlonius (interacts with) Mucispirillum_schaedleri","false","interacts with","Helicobacter_typhlonius (interacts with) Mucispirillum_schaedleri"
"Helicobacter_typhlonius","33.37698412698412","0.673859844","interacts with","Helicobacter_typhlonius (interacts with) Helicobacter_hepaticus","false","interacts with","Helicobacter_typhlonius (interacts with) Helicobacter_hepaticus"
"Helicobacter_typhlonius","27.23214285714285","-0.542602892","interacts with","Helicobacter_typhlonius (interacts with) Bifidobacterium_animalis","false","interacts with","Helicobacter_typhlonius (interacts with) Bifidobacterium_animalis"
"Dorea_sp_5_2","57.39677871148459","-0.440086216","interacts with","Dorea_sp_5_2 (interacts with) Clostridium_sp_ASF502","false","interacts with","Dorea_sp_5_2 (interacts with) Clostridium_sp_ASF502"
"Dorea_sp_5_2","90.0","-0.48641291","interacts with","Dorea_sp_5_2 (interacts with) Bacteroides_vulgatus","false","interacts with","Dorea_sp_5_2 (interacts with) Bacteroides_vulgatus"
"Lachnospiraceae_bacterium_M18_1","14.71363636363636","0.59736913","interacts with","Lachnospiraceae_bacterium_M18_1 (interacts with) Lachnospiraceae_bacterium_28_4","false","interacts with","Lachnospiraceae_bacterium_M18_1 (interacts with) Lachnospiraceae_bacterium_28_4"
"Lachnospiraceae_bacterium_M18_1","11.9","0.769374179","interacts with","Lachnospiraceae_bacterium_M18_1 (interacts with) Eubacterium_sp_14_2","false","interacts with","Lachnospiraceae_bacterium_M18_1 (interacts with) Eubacterium_sp_14_2"
"Lachnospiraceae_bacterium_M18_1","49.97770562770564","0.530289478","interacts with","Lachnospiraceae_bacterium_M18_1 (interacts with) Bacteroides_thetaiotaomicron","false","interacts with","Lachnospiraceae_bacterium_M18_1 (interacts with) Bacteroides_thetaiotaomicron"
"Lachnospiraceae_bacterium_M18_1","26.975324675324675","0.673082352","interacts with","Lachnospiraceae_bacterium_M18_1 (interacts with) Bacteroides_stercorirosoris","false","interacts with","Lachnospiraceae_bacterium_M18_1 (interacts with) Bacteroides_stercorirosoris"
"Eubacterium_sp_14_2","45.66681096681096","0.419829132","interacts with","Eubacterium_sp_14_2 (interacts with) Parabacteroides_johnsonii","false","interacts with","Eubacterium_sp_14_2 (interacts with) Parabacteroides_johnsonii"
"Eubacterium_sp_14_2","39.15728715728716","0.427518536","interacts with","Eubacterium_sp_14_2 (interacts with) Bacteroides_thetaiotaomicron","false","interacts with","Eubacterium_sp_14_2 (interacts with) Bacteroides_thetaiotaomicron"
"Eubacterium_sp_14_2","32.99227994227994","0.486503758","interacts with","Eubacterium_sp_14_2 (interacts with) Bacteroides_stercorirosoris","false","interacts with","Eubacterium_sp_14_2 (interacts with) Bacteroides_stercorirosoris"
"Lachnospiraceae_bacterium_28_4","64.68838383838383","0.445171514","interacts with","Lachnospiraceae_bacterium_28_4 (interacts with) Bacteroides_stercorirosoris","false","interacts with","Lachnospiraceae_bacterium_28_4 (interacts with) Bacteroides_stercorirosoris"
"Helicobacter_apodemus","25.194444444444446","0.567519466","interacts with","Helicobacter_apodemus (interacts with) Parasutterella_excrementihominis","false","interacts with","Helicobacter_apodemus (interacts with) Parasutterella_excrementihominis"
"Helicobacter_apodemus","37.304761904761904","0.600745338","interacts with","Helicobacter_apodemus (interacts with) Bacteroides_massiliensis","false","interacts with","Helicobacter_apodemus (interacts with) Bacteroides_massiliensis"
"Akkermansia_muciniphila","32.35079365079365","0.454343266","interacts with","Akkermansia_muciniphila (interacts with) Helicobacter_apodemus","false","interacts with","Akkermansia_muciniphila (interacts with) Helicobacter_apodemus"
"Akkermansia_muciniphila","34.73686868686869","-0.401620046","interacts with","Akkermansia_muciniphila (interacts with) Eubacterium_sp_14_2","false","interacts with","Akkermansia_muciniphila (interacts with) Eubacterium_sp_14_2"
"Akkermansia_muciniphila","41.264718614718625","0.443922733","interacts with","Akkermansia_muciniphila (interacts with) Bacteroides_massiliensis","false","interacts with","Akkermansia_muciniphila (interacts with) Bacteroides_massiliensis"
"Proteobacteria_bacterium_CAG_139","19.267532467532465","0.96974416","interacts with","Proteobacteria_bacterium_CAG_139 (interacts with) Parasutterella_excrementihominis","false","interacts with","Proteobacteria_bacterium_CAG_139 (interacts with) Parasutterella_excrementihominis"
"Proteobacteria_bacterium_CAG_139","77.39030218147867","0.524805339","interacts with","Proteobacteria_bacterium_CAG_139 (interacts with) Parabacteroides_goldsteinii","false","interacts with","Proteobacteria_bacterium_CAG_139 (interacts with) Parabacteroides_goldsteinii"
"Proteobacteria_bacterium_CAG_139","82.37424242424244","0.400539228","interacts with","Proteobacteria_bacterium_CAG_139 (interacts with) Oscillibacter_sp_1_3","false","interacts with","Proteobacteria_bacterium_CAG_139 (interacts with) Oscillibacter_sp_1_3"
"Proteobacteria_bacterium_CAG_139","29.442857142857143","0.572858732","interacts with","Proteobacteria_bacterium_CAG_139 (interacts with) Helicobacter_apodemus","false","interacts with","Proteobacteria_bacterium_CAG_139 (interacts with) Helicobacter_apodemus"
"Proteobacteria_bacterium_CAG_139","88.4969696969697","0.55461624","interacts with","Proteobacteria_bacterium_CAG_139 (interacts with) Faecalibaculum_rodentium","false","interacts with","Proteobacteria_bacterium_CAG_139 (interacts with) Faecalibaculum_rodentium"
"Proteobacteria_bacterium_CAG_139","71.87392411510058","-0.520407058","interacts with","Proteobacteria_bacterium_CAG_139 (interacts with) Dorea_sp_5_2","false","interacts with","Proteobacteria_bacterium_CAG_139 (interacts with) Dorea_sp_5_2"
"Proteobacteria_bacterium_CAG_139","75.31875901875901","0.405138165","interacts with","Proteobacteria_bacterium_CAG_139 (interacts with) Bacteroides_massiliensis","false","interacts with","Proteobacteria_bacterium_CAG_139 (interacts with) Bacteroides_massiliensis"
"Bacteroides_stercorirosoris","44.95948773448773","0.445703378","interacts with","Bacteroides_stercorirosoris (interacts with) Enterorhabdus_caecimuris","false","interacts with","Bacteroides_stercorirosoris (interacts with) Enterorhabdus_caecimuris"
"Bacteroides_stercorirosoris","44.60043290043291","-0.405737917","interacts with","Bacteroides_stercorirosoris (interacts with) Bacteroides_massiliensis","false","interacts with","Bacteroides_stercorirosoris (interacts with) Bacteroides_massiliensis"
"Bacteroides_sartorii","12.845526695526697","0.873434856","interacts with","Bacteroides_sartorii (interacts with) Bacteroides_faecichinchillae","false","interacts with","Bacteroides_sartorii (interacts with) Bacteroides_faecichinchillae"
"Bacteroides_massiliensis","37.26370851370852","0.468377836","interacts with","Bacteroides_massiliensis (interacts with) Bacteroides_faecichinchillae","false","interacts with","Bacteroides_massiliensis (interacts with) Bacteroides_faecichinchillae"
"Bacteroides_uniformis","25.370779220779223","0.501607214","interacts with","Bacteroides_uniformis (interacts with) Bacteroides_sartorii","false","interacts with","Bacteroides_uniformis (interacts with) Bacteroides_sartorii"
"Bacteroides_uniformis","35.71363636363637","0.502431292","interacts with","Bacteroides_uniformis (interacts with) Bacteroides_massiliensis","false","interacts with","Bacteroides_uniformis (interacts with) Bacteroides_massiliensis"
"Bacteroides_uniformis","18.854761904761904","0.409053659","interacts with","Bacteroides_uniformis (interacts with) Bacteroides_faecichinchillae","false","interacts with","Bacteroides_uniformis (interacts with) Bacteroides_faecichinchillae"
"Muribaculum_intestinale","36.97738095238096","-0.475008949","interacts with","Muribaculum_intestinale (interacts with) Bacteroides_faecichinchillae","false","interacts with","Muribaculum_intestinale (interacts with) Bacteroides_faecichinchillae"
"Bacteroides_thetaiotaomicron","63.29051226551226","-0.460583139","interacts with","Bacteroides_thetaiotaomicron (interacts with) Bifidobacterium_animalis","false","interacts with","Bacteroides_thetaiotaomicron (interacts with) Bifidobacterium_animalis"
"Bacteroides_thetaiotaomicron","10.865151515151513","0.767491385","interacts with","Bacteroides_thetaiotaomicron (interacts with) Bacteroides_stercorirosoris","false","interacts with","Bacteroides_thetaiotaomicron (interacts with) Bacteroides_stercorirosoris"
"Bacteroides_thetaiotaomicron","30.4890756302521","-0.532271833","interacts with","Bacteroides_thetaiotaomicron (interacts with) Bacteroides_sartorii","false","interacts with","Bacteroides_thetaiotaomicron (interacts with) Bacteroides_sartorii"
"Bacteroides_thetaiotaomicron","38.08311688311688","-0.542894398","interacts with","Bacteroides_thetaiotaomicron (interacts with) Bacteroides_massiliensis","false","interacts with","Bacteroides_thetaiotaomicron (interacts with) Bacteroides_massiliensis"
"Bacteroides_thetaiotaomicron","22.250980392156862","-0.532271833","interacts with","Bacteroides_thetaiotaomicron (interacts with) Bacteroides_faecichinchillae","false","interacts with","Bacteroides_thetaiotaomicron (interacts with) Bacteroides_faecichinchillae"
"Bacteroides_caecimuris","37.46139971139971","-0.422024472","interacts with","Bacteroides_caecimuris (interacts with) Bifidobacterium_animalis","false","interacts with","Bacteroides_caecimuris (interacts with) Bifidobacterium_animalis"
"Anaerotruncus_sp_G3_2012","30.31919191919192","0.448534062","interacts with","Anaerotruncus_sp_G3_2012 (interacts with) Oscillibacter_sp_1_3","false","interacts with","Anaerotruncus_sp_G3_2012 (interacts with) Oscillibacter_sp_1_3"
"Anaerotruncus_sp_G3_2012","41.385858585858585","0.484610185","interacts with","Anaerotruncus_sp_G3_2012 (interacts with) Lachnospiraceae_bacterium_3_2","false","interacts with","Anaerotruncus_sp_G3_2012 (interacts with) Lachnospiraceae_bacterium_3_2"
"Parabacteroides_distasonis","19.592063492063488","0.423851377","interacts with","Parabacteroides_distasonis (interacts with) Muribaculum_intestinale","false","interacts with","Parabacteroides_distasonis (interacts with) Muribaculum_intestinale"
"Parabacteroides_distasonis","20.306493506493506","-0.756618465","interacts with","Parabacteroides_distasonis (interacts with) Bifidobacterium_animalis","false","interacts with","Parabacteroides_distasonis (interacts with) Bifidobacterium_animalis"
"Parabacteroides_distasonis","15.482142857142856","0.684849996","interacts with","Parabacteroides_distasonis (interacts with) Bacteroides_thetaiotaomicron","false","interacts with","Parabacteroides_distasonis (interacts with) Bacteroides_thetaiotaomicron"
"Parabacteroides_distasonis","28.93174603174603","0.516697559","interacts with","Parabacteroides_distasonis (interacts with) Bacteroides_stercorirosoris","false","interacts with","Parabacteroides_distasonis (interacts with) Bacteroides_stercorirosoris"
"Parabacteroides_distasonis","37.23131949749596","-0.400872833","interacts with","Parabacteroides_distasonis (interacts with) Bacteroides_sartorii","false","interacts with","Parabacteroides_distasonis (interacts with) Bacteroides_sartorii"
"Parabacteroides_distasonis","11.77439309056956","0.555370147","interacts with","Parabacteroides_distasonis (interacts with) Alistipes_timonensis","false","interacts with","Parabacteroides_distasonis (interacts with) Alistipes_timonensis"
"Lactobacillus_reuteri","33.72669552669552","-0.416090542","interacts with","Lactobacillus_reuteri (interacts with) Parabacteroides_goldsteinii","false","interacts with","Lactobacillus_reuteri (interacts with) Parabacteroides_goldsteinii"
"Lactobacillus_reuteri","15.730303030303029","-0.533050739","interacts with","Lactobacillus_reuteri (interacts with) Parabacteroides_distasonis","false","interacts with","Lactobacillus_reuteri (interacts with) Parabacteroides_distasonis"
"Lactobacillus_reuteri","28.26428571428571","-0.427973408","interacts with","Lactobacillus_reuteri (interacts with) Muribaculum_intestinale","false","interacts with","Lactobacillus_reuteri (interacts with) Muribaculum_intestinale"
"Lactobacillus_reuteri","18.862193362193366","-0.682065128","interacts with","Lactobacillus_reuteri (interacts with) Bacteroides_thetaiotaomicron","false","interacts with","Lactobacillus_reuteri (interacts with) Bacteroides_thetaiotaomicron"
"Lactobacillus_reuteri","25.22972582972583","-0.50809693","interacts with","Lactobacillus_reuteri (interacts with) Bacteroides_stercorirosoris","false","interacts with","Lactobacillus_reuteri (interacts with) Bacteroides_stercorirosoris"
"Lactobacillus_reuteri","31.067863509039977","0.413009452","interacts with","Lactobacillus_reuteri (interacts with) Bacteroides_faecichinchillae","false","interacts with","Lactobacillus_reuteri (interacts with) Bacteroides_faecichinchillae"
"Lactobacillus_reuteri","23.858225108225103","-0.750726661","interacts with","Lactobacillus_reuteri (interacts with) Bacteroides_caecimuris","false","interacts with","Lactobacillus_reuteri (interacts with) Bacteroides_caecimuris"
"Lactobacillus_reuteri","14.79503437738732","-0.478782086","interacts with","Lactobacillus_reuteri (interacts with) Alistipes_timonensis","false","interacts with","Lactobacillus_reuteri (interacts with) Alistipes_timonensis"
"Parabacteroides_johnsonii","13.867460317460315","0.563890801","interacts with","Parabacteroides_johnsonii (interacts with) Butyricimonas_virosa","false","interacts with","Parabacteroides_johnsonii (interacts with) Butyricimonas_virosa"
"Parabacteroides_johnsonii","23.6024531024531","0.447048538","interacts with","Parabacteroides_johnsonii (interacts with) Bacteroides_sartorii","false","interacts with","Parabacteroides_johnsonii (interacts with) Bacteroides_sartorii"
"Parabacteroides_johnsonii","10.743650793650794","0.424360815","interacts with","Parabacteroides_johnsonii (interacts with) Alistipes_shahii","false","interacts with","Parabacteroides_johnsonii (interacts with) Alistipes_shahii"
"Turicimonas_muris","30.025613275613274","0.6700581","interacts with","Turicimonas_muris (interacts with) Parabacteroides_johnsonii","false","interacts with","Turicimonas_muris (interacts with) Parabacteroides_johnsonii"
"Turicimonas_muris","58.462121212121225","-0.500659196","interacts with","Turicimonas_muris (interacts with) Oscillibacter_sp_1_3","false","interacts with","Turicimonas_muris (interacts with) Oscillibacter_sp_1_3"
"Turicimonas_muris","50.17279942279944","-0.500659196","interacts with","Turicimonas_muris (interacts with) Lachnospiraceae_bacterium_3_2","false","interacts with","Turicimonas_muris (interacts with) Lachnospiraceae_bacterium_3_2"
"Turicimonas_muris","34.54617604617605","-0.445146199","interacts with","Turicimonas_muris (interacts with) Clostridium_cocleatum","false","interacts with","Turicimonas_muris (interacts with) Clostridium_cocleatum"
"Turicimonas_muris","18.110461760461757","0.601165181","interacts with","Turicimonas_muris (interacts with) Butyricimonas_virosa","false","interacts with","Turicimonas_muris (interacts with) Butyricimonas_virosa"
"Turicimonas_muris","33.93333333333334","-0.497714997","interacts with","Turicimonas_muris (interacts with) Anaerotruncus_sp_G3_2012","false","interacts with","Turicimonas_muris (interacts with) Anaerotruncus_sp_G3_2012"
"Turicimonas_muris","33.92005772005771","0.416411262","interacts with","Turicimonas_muris (interacts with) Alistipes_shahii","false","interacts with","Turicimonas_muris (interacts with) Alistipes_shahii"
"Lactobacillus_taiwanensis","9.862987012987013","0.69181258","interacts with","Lactobacillus_taiwanensis (interacts with) Lactobacillus_reuteri","false","interacts with","Lactobacillus_taiwanensis (interacts with) Lactobacillus_reuteri"
"Lactobacillus_taiwanensis","25.97142857142856","-0.640119598","interacts with","Lactobacillus_taiwanensis (interacts with) Bacteroides_thetaiotaomicron","false","interacts with","Lactobacillus_taiwanensis (interacts with) Bacteroides_thetaiotaomicron"
"Lactobacillus_taiwanensis","25.211832611832612","-0.411721651","interacts with","Lactobacillus_taiwanensis (interacts with) Bacteroides_stercorirosoris","false","interacts with","Lactobacillus_taiwanensis (interacts with) Bacteroides_stercorirosoris"
"Lactobacillus_taiwanensis","23.123376623376622","-0.438943355","interacts with","Lactobacillus_taiwanensis (interacts with) Bacteroides_caecimuris","false","interacts with","Lactobacillus_taiwanensis (interacts with) Bacteroides_caecimuris"
"Lactobacillus_taiwanensis","32.931240981240975","0.546322505","interacts with","Lactobacillus_taiwanensis (interacts with) Alistipes_indistinctus","false","interacts with","Lactobacillus_taiwanensis (interacts with) Alistipes_indistinctus"
"Desulfovibrionaceae_bacterium","52.44935064935065","0.581409041","interacts with","Desulfovibrionaceae_bacterium (interacts with) Turicimonas_muris","false","interacts with","Desulfovibrionaceae_bacterium (interacts with) Turicimonas_muris"
"Desulfovibrionaceae_bacterium","38.43253968253968","0.511636114","interacts with","Desulfovibrionaceae_bacterium (interacts with) Parabacteroides_johnsonii","false","interacts with","Desulfovibrionaceae_bacterium (interacts with) Parabacteroides_johnsonii"
"Desulfovibrionaceae_bacterium","52.064075630252105","0.493924623","interacts with","Desulfovibrionaceae_bacterium (interacts with) Mucispirillum_schaedleri","false","interacts with","Desulfovibrionaceae_bacterium (interacts with) Mucispirillum_schaedleri"
"Desulfovibrionaceae_bacterium","65.4455182072829","0.438389135","interacts with","Desulfovibrionaceae_bacterium (interacts with) Clostridium_sp_ASF502","false","interacts with","Desulfovibrionaceae_bacterium (interacts with) Clostridium_sp_ASF502"
"Desulfovibrionaceae_bacterium","97.04848484848483","0.494474312","interacts with","Desulfovibrionaceae_bacterium (interacts with) Clostridium_sp_ASF356","false","interacts with","Desulfovibrionaceae_bacterium (interacts with) Clostridium_sp_ASF356"
"Desulfovibrionaceae_bacterium","38.20336134453782","0.655177196","interacts with","Desulfovibrionaceae_bacterium (interacts with) Butyricimonas_virosa","false","interacts with","Desulfovibrionaceae_bacterium (interacts with) Butyricimonas_virosa"
"Desulfovibrionaceae_bacterium","43.910185892538834","0.446866813","interacts with","Desulfovibrionaceae_bacterium (interacts with) Bacteroides_sartorii","false","interacts with","Desulfovibrionaceae_bacterium (interacts with) Bacteroides_sartorii"
"Desulfovibrionaceae_bacterium","48.62735760971054","0.465016481","interacts with","Desulfovibrionaceae_bacterium (interacts with) Bacteroides_faecichinchillae","false","interacts with","Desulfovibrionaceae_bacterium (interacts with) Bacteroides_faecichinchillae"
"Desulfovibrionaceae_bacterium","25.995424836601305","0.518702545","interacts with","Desulfovibrionaceae_bacterium (interacts with) Alistipes_shahii","false","interacts with","Desulfovibrionaceae_bacterium (interacts with) Alistipes_shahii"
"Desulfovibrionaceae_bacterium","46.799651982004924","0.510800944","interacts with","Desulfovibrionaceae_bacterium (interacts with) Alistipes_indistinctus","false","interacts with","Desulfovibrionaceae_bacterium (interacts with) Alistipes_indistinctus"
"Alistipes_shahii","20.545238095238094","0.490597273","interacts with","Alistipes_shahii (interacts with) Bacteroides_uniformis","false","interacts with","Alistipes_shahii (interacts with) Bacteroides_uniformis"
"Alistipes_shahii","39.93914778032426","-0.492783494","interacts with","Alistipes_shahii (interacts with) Bacteroides_thetaiotaomicron","false","interacts with","Alistipes_shahii (interacts with) Bacteroides_thetaiotaomicron"
"Alistipes_shahii","9.367532467532467","0.921347134","interacts with","Alistipes_shahii (interacts with) Bacteroides_sartorii","false","interacts with","Alistipes_shahii (interacts with) Bacteroides_sartorii"
"Alistipes_shahii","12.720634920634918","0.945667314","interacts with","Alistipes_shahii (interacts with) Bacteroides_faecichinchillae","false","interacts with","Alistipes_shahii (interacts with) Bacteroides_faecichinchillae"
"Alistipes_shahii","14.146897546897542","0.485146192","interacts with","Alistipes_shahii (interacts with) Alistipes_indistinctus","false","interacts with","Alistipes_shahii (interacts with) Alistipes_indistinctus"
"Alistipes_indistinctus","26.092929292929288","0.438004484","interacts with","Alistipes_indistinctus (interacts with) Butyricimonas_virosa","false","interacts with","Alistipes_indistinctus (interacts with) Butyricimonas_virosa"
"Alistipes_indistinctus","25.72652151769799","-0.745299431","interacts with","Alistipes_indistinctus (interacts with) Bacteroides_thetaiotaomicron","false","interacts with","Alistipes_indistinctus (interacts with) Bacteroides_thetaiotaomicron"
"Alistipes_indistinctus","35.73593710211358","-0.460392851","interacts with","Alistipes_indistinctus (interacts with) Bacteroides_stercorirosoris","false","interacts with","Alistipes_indistinctus (interacts with) Bacteroides_stercorirosoris"
"Alistipes_indistinctus","18.926803751803757","0.475714255","interacts with","Alistipes_indistinctus (interacts with) Bacteroides_sartorii","false","interacts with","Alistipes_indistinctus (interacts with) Bacteroides_sartorii"
"Alistipes_indistinctus","40.197186147186144","0.42385947","interacts with","Alistipes_indistinctus (interacts with) Bacteroides_massiliensis","false","interacts with","Alistipes_indistinctus (interacts with) Bacteroides_massiliensis"
"Alistipes_indistinctus","16.64642857142857","0.426682907","interacts with","Alistipes_indistinctus (interacts with) Bacteroides_faecichinchillae","false","interacts with","Alistipes_indistinctus (interacts with) Bacteroides_faecichinchillae"
"Clostridium_cocleatum","34.134133350309824","-0.436397308","interacts with","Clostridium_cocleatum (interacts with) Enterorhabdus_caecimuris","false","interacts with","Clostridium_cocleatum (interacts with) Enterorhabdus_caecimuris"
"Clostridium_cocleatum","68.86093710211358","-0.471166221","interacts with","Clostridium_cocleatum (interacts with) Dorea_sp_5_2","false","interacts with","Clostridium_cocleatum (interacts with) Dorea_sp_5_2"
"Clostridium_cocleatum","15.633333333333331","-0.503375645","interacts with","Clostridium_cocleatum (interacts with) Butyricimonas_virosa","false","interacts with","Clostridium_cocleatum (interacts with) Butyricimonas_virosa"
"Clostridium_cocleatum","50.63488455988456","-0.422304226","interacts with","Clostridium_cocleatum (interacts with) Alistipes_indistinctus","false","interacts with","Clostridium_cocleatum (interacts with) Alistipes_indistinctus"
"Asaccharobacter_celatus","33.26190476190476","-0.41134594","interacts with","Asaccharobacter_celatus (interacts with) Bifidobacterium_animalis","false","interacts with","Asaccharobacter_celatus (interacts with) Bifidobacterium_animalis"
"Asaccharobacter_celatus","2.0","0.997775306","interacts with","Asaccharobacter_celatus (interacts with) Adlercreutzia_equolifaciens","false","interacts with","Asaccharobacter_celatus (interacts with) Adlercreutzia_equolifaciens"
"Parabacteroides_goldsteinii","22.859018759018753","0.620022247","interacts with","Parabacteroides_goldsteinii (interacts with) Parabacteroides_distasonis","false","interacts with","Parabacteroides_goldsteinii (interacts with) Parabacteroides_distasonis"
"Parabacteroides_goldsteinii","15.309595959595958","-0.610678532","interacts with","Parabacteroides_goldsteinii (interacts with) Bifidobacterium_animalis","false","interacts with","Parabacteroides_goldsteinii (interacts with) Bifidobacterium_animalis"
"Parabacteroides_goldsteinii","37.570707070707066","0.526486119","interacts with","Parabacteroides_goldsteinii (interacts with) Bacteroides_thetaiotaomicron","false","interacts with","Parabacteroides_goldsteinii (interacts with) Bacteroides_thetaiotaomicron"
"Parabacteroides_goldsteinii","39.88311688311688","0.565406571","interacts with","Parabacteroides_goldsteinii (interacts with) Bacteroides_stercorirosoris","false","interacts with","Parabacteroides_goldsteinii (interacts with) Bacteroides_stercorirosoris"
"Parabacteroides_goldsteinii","30.815151515151506","0.438042269","interacts with","Parabacteroides_goldsteinii (interacts with) Asaccharobacter_celatus","false","interacts with","Parabacteroides_goldsteinii (interacts with) Asaccharobacter_celatus"
"Parabacteroides_goldsteinii","16.75044563279857","0.580523184","interacts with","Parabacteroides_goldsteinii (interacts with) Alistipes_timonensis","false","interacts with","Parabacteroides_goldsteinii (interacts with) Alistipes_timonensis"
"Parabacteroides_goldsteinii","30.815151515151502","0.4567297","interacts with","Parabacteroides_goldsteinii (interacts with) Adlercreutzia_equolifaciens","false","interacts with","Parabacteroides_goldsteinii (interacts with) Adlercreutzia_equolifaciens"
"Helicobacter_cinaedi","28.122366522366523","-0.403518032","interacts with","Helicobacter_cinaedi (interacts with) Enterorhabdus_caecimuris","false","interacts with","Helicobacter_cinaedi (interacts with) Enterorhabdus_caecimuris"
"Helicobacter_cinaedi","51.35670995670995","0.402197634","interacts with","Helicobacter_cinaedi (interacts with) Bacteroides_sartorii","false","interacts with","Helicobacter_cinaedi (interacts with) Bacteroides_sartorii"
"Helicobacter_cinaedi","26.878066378066368","0.458663729","interacts with","Helicobacter_cinaedi (interacts with) Asaccharobacter_celatus","false","interacts with","Helicobacter_cinaedi (interacts with) Asaccharobacter_celatus"
"Helicobacter_cinaedi","26.878066378066364","0.444877305","interacts with","Helicobacter_cinaedi (interacts with) Adlercreutzia_equolifaciens","false","interacts with","Helicobacter_cinaedi (interacts with) Adlercreutzia_equolifaciens"
"Alistipes_timonensis","37.488540870893814","0.455648373","interacts with","Alistipes_timonensis (interacts with) Enterorhabdus_caecimuris","false","interacts with","Alistipes_timonensis (interacts with) Enterorhabdus_caecimuris"
"Alistipes_timonensis","25.122385620915022","-0.562047945","interacts with","Alistipes_timonensis (interacts with) Bifidobacterium_animalis","false","interacts with","Alistipes_timonensis (interacts with) Bifidobacterium_animalis"
"Alistipes_timonensis","25.327731092436977","0.435250991","interacts with","Alistipes_timonensis (interacts with) Bacteroides_thetaiotaomicron","false","interacts with","Alistipes_timonensis (interacts with) Bacteroides_thetaiotaomicron"
"Alistipes_timonensis","24.05581444699092","0.464108069","interacts with","Alistipes_timonensis (interacts with) Bacteroides_stercorirosoris","false","interacts with","Alistipes_timonensis (interacts with) Bacteroides_stercorirosoris"
"Alistipes_timonensis","16.93982683982684","0.59810805","interacts with","Alistipes_timonensis (interacts with) Bacteroides_caecimuris","false","interacts with","Alistipes_timonensis (interacts with) Bacteroides_caecimuris"
"Alistipes_timonensis","18.835973177149643","0.4053423","interacts with","Alistipes_timonensis (interacts with) Asaccharobacter_celatus","false","interacts with","Alistipes_timonensis (interacts with) Asaccharobacter_celatus"
"Alistipes_timonensis","18.835973177149643","0.411352317","interacts with","Alistipes_timonensis (interacts with) Adlercreutzia_equolifaciens","false","interacts with","Alistipes_timonensis (interacts with) Adlercreutzia_equolifaciens"
"Adlercreutzia_equolifaciens","33.26190476190475","-0.4189099","interacts with","Adlercreutzia_equolifaciens (interacts with) Bifidobacterium_animalis","false","interacts with","Adlercreutzia_equolifaciens (interacts with) Bifidobacterium_animalis"
"Lachnospiraceae_bacterium_3_2","38.11976911976911","0.49424355","interacts with","Lachnospiraceae_bacterium_3_2 (interacts with) Lactobacillus_taiwanensis","false","interacts with","Lachnospiraceae_bacterium_3_2 (interacts with) Lactobacillus_taiwanensis"
"Lachnospiraceae_bacterium_3_2","60.45668024785672","0.407805839","interacts with","Lachnospiraceae_bacterium_3_2 (interacts with) Lactobacillus_reuteri","false","interacts with","Lachnospiraceae_bacterium_3_2 (interacts with) Lactobacillus_reuteri"
"Lachnospiraceae_bacterium_3_2","73.90618792971733","0.440834202","interacts with","Lachnospiraceae_bacterium_3_2 (interacts with) Clostridium_sp_ASF356","false","interacts with","Lachnospiraceae_bacterium_3_2 (interacts with) Clostridium_sp_ASF356"
"Lachnospiraceae_bacterium_3_2","40.10191834309482","-0.455360679","interacts with","Lachnospiraceae_bacterium_3_2 (interacts with) Asaccharobacter_celatus","false","interacts with","Lachnospiraceae_bacterium_3_2 (interacts with) Asaccharobacter_celatus"
"Lachnospiraceae_bacterium_3_2","40.10191834309482","-0.464954433","interacts with","Lachnospiraceae_bacterium_3_2 (interacts with) Adlercreutzia_equolifaciens","false","interacts with","Lachnospiraceae_bacterium_3_2 (interacts with) Adlercreutzia_equolifaciens"
